,text,created_date,latitude,longitude,retweet,polarity,pol_value,followers,location
0,Pappu ooops I mean @RahulGandhi  is this true? #CongressManifesto is to loot people and make ₹₹₹ https://t.co/AG7isTGAm3,2019-04-28 04:40:08,72.74484, 18.845343,8829,Positive,0.02,189,Mumbai
1,"A 4 #astrology
B 4 #BJP 
C 4 #Congress 
D 4 #DontSpoilTheEndgame

Moral of the story, ___________ ? 
.
.… https://t.co/kZnT3y44js",2019-04-25 10:51:53,83.1174241, 17.5781308,22,Neutral,0.0,13,"Maharashtra, India"
2,"I am a BJP supporter

But listen to Rahul Gandhi because speech

Political is your place and entertainment is your… https://t.co/lAUvEFoLWe",2019-04-25 04:45:49,69.484366, 23.060464,5460,Neutral,0.0,471,"Gudamalani, India"
3,"Today in 1800, the Library of Congress was established, which is ironic since most members of Congress don't even k… https://t.co/1dNW6TFe0g",2019-04-24 14:09:33,-74.255641, 40.495865,1685,Positive,0.35,673,"New York, NY"
4,#CongressManifesto &amp; Pro 🇵🇰Change Attitude STRENGTHEN = U 🙈🇮🇳WAKE UP= POST ASSISNATION 🔪OF @Indira___Gandhi by… https://t.co/JO422ZaDR1,2019-04-22 09:01:32,-0.2925791, 51.555179,8,Neutral,0.0,73,London
